879;BG;GN;NUUK RW23;N64111520;W051404177;BGGH;BG;W0350;WGE;BGGL;BGGL;;;00283;11030;;;0
880;BG;ISF;KANGERLUSSUAQ RW10;N67010732;W050405636;BGSF;BG;W0382;WGE;BGGL;BGGL;;;00172;10955;;;0
881;BI;IAR;AKUREYRI ILS/DME RW01;N65380800;W018040400;BIAR;BI;W0177;WGE;BIRD;BIRD;;;00022;10890;;;0
882;BI;IES;EGILSSTADIR RW04;N65162900;W014242300;BIEG;BI;W0150;WGE;BIRD;BIRD;;;00037;10930;;;0
883;BI;IHU;HUSAVIK RW03;N65574700;W017251700;BIHU;BI;W0171;WGE;BIRD;BIRD;;;00045;11090;558;;0
884;BI;IKN;KEFLAVIK-ILS/DME-RW02;N63580200;W022361200;BIKF;BI;W0200;WGE;BIRD;BIRD;;;00142;11130;;;0
885;BI;IKW;KEFLAVIK-ILS/DME-RW29;N63591000;W022355700;BIKF;BI;W0200;WGE;BIRD;BIRD;;;00171;10850;;;0
886;BI;IKR;SAUDARKROKUR-RW01;N65443200;W019343900;BIKR;BI;W0190;WGE;BIRD;BIRD;;;00008;10970;;;0
887;BI;IRE;REYKJAVIK RW13;N64074800;W021555800;BIRK;BI;W0190;WGE;BIRD;BIRD;;;00140;10910;;;0
888;LY;PRS;PRISTINA;N42350100;E021021100;BKPR;LY;E0030;WGE;LYBA;LYBA;;;01789;11010;;;0
889;EB;IBM;BRUSSELS ILS-20;N50543000;E004300700;EBBR;EB;W0020;WGE;EBBU;EBUR;;;00113;11115;376;;0
890;EB;IBR;BRUSSELS ILS-25R;N50544100;E004294100;EBBR;EB;W0020;WGE;EBBU;EBUR;;;00112;10890;190;;0
891;EB;IKT;KORTRIJK ILSDME RW25;N50491200;E003130500;EBKT;EB;W0016;WGE;EBBU;EBUR;;;00062;11070;;02;0
892;EB;IHH;LIEGE ILS RW05R;N50375425;E005255805;EBLG;EB;W0009;WGE;EBBU;EBUR;;;00591;10935;;;0
893;EB;ILGP;LIEGE ILS RW23R;N50383948;E005265438;EBLG;EB;W0009;WGE;EBBU;EBUR;;;00591;10935;;;0
894;ED;IHEW;HERINGSDORF;N53524095;E014090357;EDAH;ED;E0020;WGE;EDBB;EDBB;C;03DEC081600;00121;11130;;06;0
895;ED;IFWL;FRANKFURT I26L;N50020732;E008334352;EDDF;ED;W0004;WGE;EDFF;EDUU;;;00342;11135;422;02;0
896;ED;IDBR;BERLIN-TEMPELHOF ILS-09R;N52281989;E013234946;EDDI;ED;E0020;WGE;EDBB;EDBB;;;00158;10970;272;03;0
897;ED;IDLB;BERLIN-TEMPELHOF ILS-27L;N52281209;E013244293;EDDI;ED;E0020;WGE;EDBB;EDBB;;;00168;10950;164;03;0
898;ED;HFW;HAMBURG-FINKENWERDER;N53320117;E009500287;EDHI;ED;E0010;WGE;EDWW;EDVV;;;00051;10850;123;;0
900;ED;OBI;ILSDME RW22;N48045006;E011170695;EDMO;ED;E0011;WGE;EDMM;EDUU;;;01923;11050;;;0
902;ED;IHOE;HOF RW09;N50172300;E011511900;EDQM;ED;E0004;WGE;EDFF;EDUU;;;01946;11070;222;03;0
903;ED;IHOW;HOF RW27;N50172300;E011511900;EDQM;ED;E0004;WGE;EDFF;EDUU;;;01946;11070;222;03;0
904;ED;IWES;WESTERLAND /SYLT RW33;N54543793;E008202295;EDXW;ED;W0010;WGE;EDWW;EDVV;;;00049;11150;311;;0
905;EF;ET;ENONTEKIOE ILS/DME RW21;N68220626;E023255399;EFET;EF;E0067;WGE;EFPS;EFPS;;;01060;11130;;;0
906;EF;HL;HELSINKI-VANTAA;N60194201;E024580812;EFHK;EF;E0059;WGE;EFES;EFES;;;00220;10910;;;0
907;EF;HTV;HELSINKI-VANTAA;N60185587;E024542273;EFHK;EF;E0059;WGE;EFES;EFES;;;00165;11190;;;0
908;EF;HUO;HELSINKI-VANTAA;N60194787;E024561687;EFHK;EF;E0059;WGE;EFES;EFES;;;00207;11070;;;0
909;EF;JO;JOENSUU;N62392393;E029381518;EFJO;EF;E0085;WGE;EFES;EFES;;;00418;10950;;;0
910;EF;JY;JYVASKYLA;N62233274;E025412584;EFJY;EF;E0068;WGE;EFES;EFES;;;00696;11090;;;0
911;EF;KE;KEMI/TONINO RW18;N65472349;E024345648;EFKE;EF;E0070;WGE;EFPS;EFPS;;;00092;11090;;;0
912;EF;KI;KAJAANI RW07;N64170592;E027402080;EFKI;EF;E0080;WGE;EFPS;EFPS;;;00500;10990;447;;0
913;EF;KK;KOKKOLA ILS/DME RW19;N63433819;E023083765;EFKK;EF;E0062;WGE;EFES;EFES;;;00135;10930;369;;0
914;EF;HOU;KITTILA RW 16 ILS/DME;N67413557;E024505746;EFKT;EF;E0068;WGE;EFPS;EFPS;;;00700;11190;;;0
915;EF;KT;KITTILA RW34 ILS/DME;N67413557;E024505746;EFKT;EF;E0068;WGE;EFPS;EFPS;;;00700;11190;;;0
916;EF;KU;KUOPIO;N62595393;E027483045;EFKU;EF;E0080;WGE;EFES;EFES;;;00370;11030;;;0
917;EF;OU;OULU;N64560065;E025200950;EFOU;EF;E0070;WGE;EFPS;EFPS;;;00100;10950;;;0
918;EF;VA;VAASA ILSDME-RW16;N63033527;E021453052;EFVA;EF;E0050;WGE;EFES;EFES;;;00078;10850;;;0
919;EG;IAG;BELFAST RW25;N54393754;W006120133;EGAA;EG;W0058;WGE;EGTT;EGTT;;;00267;10990;;02;0
920;EG;IFT;BELFAST RW17;N54391881;W006134460;EGAA;EG;W0058;WGE;EGTT;EGTT;;;00267;11090;214;02;0
921;EG;HBD;BELFAST/CITY ILS/DME RW04;N54371029;W005522994;EGAC;EG;W0060;WGE;EGTT;EGTT;;;00030;10810;147;05;0
922;EG;IBFH;BELFAST/CITY ILS/DME RW22;N54371029;W005522994;EGAC;EG;W0060;WGE;EGTT;EGTT;;;00030;10810;147;05;0
923;EG;IEGT;LONDONDERRY DME;N55023055;W007093361;EGAE;EG;W0068;WGE;EGPX;EGPX;;;00028;10830;;05;0
924;EG;IBIR;BIRMINGHAM DME RWY15;N52271581;W001450849;EGBB;EG;W0033;WGE;EGTT;EGTT;;;00350;11010;412;06;0
925;EG;IBM;BIRMINGHAM DME RWY33;N52271581;W001450849;EGBB;EG;W0033;WGE;EGTT;EGTT;;;00350;11010;412;05;0
926;EG;ICT;COVENTRY ILS RW23;N52221389;W001285069;EGBE;EG;W0034;WGE;EGTT;EGTT;;;00288;10975;;04;0
927;EG;ICTY;COVENTRY ILS RW05;N52221389;W001285069;EGBE;EG;W0034;WGE;EGTT;EGTT;;;00288;10975;;04;0
928;EG;IMC;MANCHESTER ILS/DME RW06R;N53202116;W002173402;EGCC;EG;W0044;WGE;EGTT;EGTT;;;00212;11155;596;08;0
929;EG;IMM;ILS/DME RW06L;N53211140;W002162302;EGCC;EG;W0044;WGE;EGTT;EGTT;;;00263;10950;445;06;0
930;EG;INN;ILS/DME RW24R;N53211140;W002162302;EGCC;EG;W0044;WGE;EGTT;EGTT;;;00263;10950;445;04;0
931;EG;IWU;WOODFORD ILS/DME RW25;N53201970;W002090008;EGCD;EG;W0047;WGE;EGTT;EGTT;;;00302;10915;110;03;0
932;EG;ICDF;CARDIFF RW12;N51235579;W003202628;EGFF;EG;W0041;WGE;EGTT;EGTT;;;00281;11070;109;06;0
933;EG;ICWA;CARDIFF RW30;N51235579;W003202628;EGFF;EG;W0041;WGE;EGTT;EGTT;;;00281;11070;109;05;0
934;EG;IBON;BRISTOL ILS-09;N51225360;W002431185;EGGD;EG;W0040;WGE;EGTT;EGTT;;;00632;11015;;05;0
935;EG;IBTS;BRISTOL ILS-27;N51225360;W002431185;EGGD;EG;W0040;WGE;EGTT;EGTT;;;00632;11015;;05;0
936;EG;ILQ;LIVERPOOL RW27;N53195686;W002505714;EGGP;EG;W0040;WGE;EGTT;EGTT;;;00088;11175;;06;0
937;EG;ILVR;LIVERPOOL RW09;N53195686;W002505714;EGGP;EG;W0040;WGE;EGTT;EGTT;;;00088;11175;;06;0
938;EG;ILJ;LUTON ILS-26;N51522332;W000220626;EGGW;EG;W0035;WGE;EGTT;EGTT;;;00532;10915;110;06;0
939;EG;ILTN;LUTON;N51522332;W000220626;EGGW;EG;W0035;WGE;EGTT;EGTT;;;00525;10915;110;06;0
940;EG;IPLY;PLYMOUTH ILS/DME RW31;N50252767;W004064285;EGHD;EG;W0040;WGE;EGTT;EGTT;;;00494;10950;;05;0
941;EG;IBH;BOURNEMOUTH ILS/DME RW26;N50465573;W001502786;EGHH;EG;W0032;WGE;EGTT;EGTT;;;00051;11050;338;05;0
942;EG;IBMH;BOURNEMOUTH ILS/DME RW08;N50465573;W001502786;EGHH;EG;W0032;WGE;EGTT;EGTT;;;00051;11050;338;06;0
943;EG;ISN;SOUTHAMPTON RW20;N50571864;W001212138;EGHI;EG;W0037;WGE;EGTT;EGTT;;;00054;11075;;02;0
944;EG;IDD;JERSEY RW27;N49123378;W002112109;EGJJ;EG;W0029;WGE;LFFF;LFFF;;;00288;11030;161;01;0
945;EG;IJJ;JERSEY RW09;N49122997;W002120686;EGJJ;EG;W0029;WGE;LFFF;LFFF;;;00288;11090;556;01;0
946;EG;IBGH;BIGGIN HILL RW21;N51201328;E000020610;EGKB;EG;W0024;WGE;EGTT;EGTT;;;00570;10935;;01;0
947;EG;IGG;GATWICK ILS/DME RW08R;N51090962;W000113171;EGKK;EG;W0035;WGE;EGTT;EGTT;;;00214;11090;107;07;0
948;EG;IWW;GATWICK ILS/DME RW26L;N51090962;W000113171;EGKK;EG;W0035;WGE;EGTT;EGTT;;;00214;11090;107;08;0
949;EG;ILSR;LONDON CITY RW28;N51302105;E000031948;EGLC;EG;W0028;WGE;EGTT;EGTT;;;00048;11115;;04;0
950;EG;ILST;LONDON CITY RW10;N51302105;E000031948;EGLC;EG;W0028;WGE;EGTT;EGTT;;;00048;11115;;04;0
951;EG;IFNB;FARNBOROUGH RW24;N51163565;W000464065;EGLF;EG;W0030;WGE;EGTT;EGTT;;;00234;11155;209;03;0
952;EG;IFRG;FARNBOROUGH RW06;N51163565;W000464065;EGLF;EG;W0030;WGE;EGTT;EGTT;;;00234;11155;209;03;0
953;EG;IAA;LONDON ILS-09L;N51284378;W000273286;EGLL;EG;W0034;WGE;EGTT;EGTT;;;00089;11030;135;10;0
954;EG;IBB;LONDON ILS-09R;N51274956;W000273076;EGLL;EG;W0034;WGE;EGTT;EGTT;;;00084;10950;422;09;0
955;EG;ILL;LONDON ILS-27L;N51274956;W000273076;EGLL;EG;W0034;WGE;EGTT;EGTT;;;00084;10950;422;09;0
956;EG;IRR;LONDON ILS-27R;N51284378;W000273286;EGLL;EG;W0034;WGE;EGTT;EGTT;;;00089;11030;135;10;0
957;EG;IND;SOUTHEND RW24;N51341310;E000415165;EGMC;EG;W0030;WGE;EGTT;EGTT;;;00057;11135;;04;0
959;EG;IMSN;MANSTON RW28;N51202792;E001204508;EGMH;EG;W0022;WGE;EGTT;EGTT;;;00184;11175;;07;0
960;EG;MOZ;MANSTON RW10;N51202792;E001204508;EGMH;EG;W0022;WGE;EGTT;EGTT;;;00184;11175;;07;0
961;EG;IBPL;BLACKPOOL ILS-DME RW28;N53461293;W003014236;EGNH;EG;W0051;WGE;EGTT;EGTT;;;00034;10815;444;05;0
962;EG;IHS;HUMBERSIDE DME;N53342616;W000211260;EGNJ;EG;W0039;WGE;EGTT;EGTT;;;00114;10875;;05;0
963;EG;ILBF;LEEDS BRADFORD RW14;N53520078;W001393147;EGNM;EG;W0036;WGE;EGTT;EGTT;;;00677;11090;;04;0
964;EG;ILF;LEEDS BRADFORD RW32;N53520078;W001393147;EGNM;EG;W0036;WGE;EGTT;EGTT;;;00677;11090;;05;0
965;EG;IWQ;WARTON ILS/DME RW26;N53443954;W002525438;EGNO;EG;W0040;WGE;EGTT;EGTT;;;00055;10990;;06;0
966;EG;IHDN;HAWARDEN RW23;N53104390;W002584432;EGNR;EG;W0040;WGE;EGTT;EGTT;;;00048;11035;;04;0
967;EG;IHWD;HAWARDEN ILS-DME RW05;N53104390;W002584432;EGNR;EG;W0040;WGE;EGTT;EGTT;;;00048;11035;;04;0
968;EG;IRH;ISLE OF MAN RW08;N54045145;W004372206;EGNS;EG;W0052;WGE;EGPX;EGPX;;;00055;11115;;04;0
969;EG;IRY;ISLE OF MAN RW26;N54045101;W004373454;EGNS;EG;W0052;WGE;EGPX;EGPX;;;00055;11115;385;05;0
970;EG;INC;NEWCASTLE ILS/DME RWY07;N55021303;W001412091;EGNT;EG;W0040;WGE;EGPX;EGPX;;;00256;11150;370;06;0
971;EG;INWC;NEWCASTLE ILS/DME RWY25;N55021303;W001412091;EGNT;EG;W0040;WGE;EGPX;EGPX;;;00256;11150;370;06;0
972;EG;ITD;DURHAM TEES VALLEY RW23;N54302999;W001254097;EGNV;EG;W0036;WGE;EGTT;EGTT;;;00131;10850;403;06;0
973;EG;ITSE;DURHAM TEES VALLEY RW05;N54302999;W001254097;EGNV;EG;W0036;WGE;EGTT;EGTT;;;00131;10850;403;06;0
974;EG;IEME;EAST MIDLANDS ILS/DME RW27;N52495799;W001194024;EGNX;EG;W0037;WGE;EGTT;EGTT;;;00322;10935;271;07;0
975;EG;IEMW;EAST MIDLANDS ILS/DME RW09;N52495799;W001194024;EGNX;EG;W0037;WGE;EGTT;EGTT;;;00322;10935;271;07;0
976;EG;IKIR;KIRKWALL RW27;N58573239;W002535740;EGPA;EG;W0053;WGE;EGPX;EGPX;;;00048;11010;;03;0
977;EG;IORK;KIRKWALL RW09;N58573239;W002535740;EGPA;EG;W0053;WGE;EGPX;EGPX;;;00048;11010;;03;0
978;EG;ISG;SUMBURGH ILS-27;N59525641;W001174326;EGPB;EG;W0057;WGE;EGPX;EGPX;;;00026;10850;322;03;0
979;EG;SUB;SUMBURGH ILS-09;N59525641;W001174326;EGPB;EG;W0057;WGE;EGPX;EGPX;;;00026;10850;322;03;0
980;EG;IABD;ABERDEEN ILS/DME RW34;N57120435;W002120238;EGPD;EG;W0050;WGE;EGTT;EGTT;;;00215;10990;541;05;0
981;EG;IAX;ABERDEEN ILS/DME RW16;N57120435;W002120238;EGPD;EG;W0050;WGE;EGTT;EGTT;;;00215;10990;541;05;0
982;EG;IDX;INVERNESS ILS/DME RW23;N57323047;W004024646;EGPE;EG;W0060;WGE;EGPX;EGPX;;;00043;10850;566;05;0
983;EG;ILN;INVERNESS ILS/DME RW05;N57323047;W004024646;EGPE;EG;W0060;WGE;EGPX;EGPX;;;00043;10850;566;05;0
984;EG;IOO;GLASGOW ILS/DME RWY 23;N55521074;W004260227;EGPF;EG;W0061;WGE;EGPX;EGPX;;;00034;11010;226;07;0
985;EG;IUU;GLASGOW ILS/DME RWY 05;N55521074;W004260227;EGPF;EG;W0061;WGE;EGPX;EGPX;;;00034;11010;226;06;0
986;EG;ITH;EDINBURGH;N55570623;W003222277;EGPH;EG;W0053;WGE;EGPX;EGPX;;;00123;10890;183;06;0
987;EG;IVG;EDINBURGH;N55570623;W003222277;EGPH;EG;W0053;WGE;EGPX;EGPX;;;00123;10890;183;06;0
988;EG;IKK;PRESTWICK DME RWY31;N55302810;W004353849;EGPK;EG;W0060;WGE;EGPX;EGPX;;;00048;11030;;07;0
989;EG;IPP;PRESTWICK DME RWY13;N55302810;W004353849;EGPK;EG;W0060;WGE;EGPX;EGPX;;;00048;11030;;07;0
991;EG;IDDE;DUNDEE RW10;N56270576;W003013303;EGPN;EG;W0051;WGE;EGPX;EGPX;;;00031;10810;155;04;0
992;EG;SOY;STORNOWAY RW36;N58125456;W006194477;EGPO;EG;W0070;WGE;EGPX;EGPX;;;00026;11090;;06;0
993;EG;STW;STORNOWAY RW18;N58125456;W006194477;EGPO;EG;W0070;WGE;EGPX;EGPX;;;00026;11090;;06;0
994;EG;ICMG;CAMBRIDGE ILS/DME RW23;N52122621;E000105437;EGSC;EG;W0030;WGE;EGTT;EGTT;;;00060;11130;;02;0
995;EG;INH;NORWICH ILS/DME RW27;N52403887;E001165942;EGSH;EG;W0028;WGE;EGTT;EGTT;;;00137;11090;422;05;0
996;EG;ISED;LONDON STANSTED RW05;N51530933;E000140103;EGSS;EG;W0030;WGE;EGTT;EGTT;;;00361;11050;291;08;0
997;EG;ISX;LONDON STANSTED RW23;N51530933;E000140103;EGSS;EG;W0030;WGE;EGTT;EGTT;;;00361;11050;291;08;0
998;EG;IET;EXETER ILS/DME RW08;N50440716;W003245174;EGTE;EG;W0040;WGE;EGTT;EGTT;;;00088;10990;;06;0
999;EG;IXR;EXETER ILS/DME RW26;N50440716;W003245174;EGTE;EG;W0040;WGE;EGTT;EGTT;;;00088;10990;;06;0
1000;EG;IBRF;BRISTOL FILTON RW09;N51311481;W002352853;EGTG;EG;W0040;WGE;EGTT;EGTT;;;00245;11055;482;05;0
1001;EG;IFB;BRISTOL FILTON RW27;N51311481;W002352853;EGTG;EG;W0040;WGE;EGTT;EGTT;;;00245;11055;482;05;0
1002;EG;INHT;NORTHOLT ILS-DME RW-25;N51331260;W000243760;EGWU;EG;W0040;WGE;EGTT;EGTT;;;00124;10855;192;02;0
1003;EH;ABA;AMSTERDAM ILS/DME RWY 36R;N52173744;E004463009;EHAM;EH;W0015;WGE;EHAA;EHAA;;;-11;11195;;02;0
1004;EH;BVB;AMSTERDAM ILS/DME RWY 27;N52191106;E004473117;EHAM;EH;W0015;WGE;EHAA;EHAA;;;-12;11155;332;02;0
1005;EH;KAG;AMSTERDAM ILS/DME RWY 06;N52182359;E004470580;EHAM;EH;W0015;WGE;EHAA;EHAA;;;-12;11055;298;;0
1006;EH;SA;AMSTERDAM ILS/DME RWY 36C;N52183174;E004440824;EHAM;EH;W0023;WGE;EHAA;EHAA;;;-12;10875;;02;0
1007;EH;SCH;AMSTERDAM ILS/DME RWY 22;N52184792;E004475519;EHAM;EH;W0020;WGE;EHAA;EHAA;;;-12;10915;;02;0
1008;EH;VPB;AMSTERDAM ILS/DME RWY 18R;N52212625;E004425010;EHAM;EH;W0015;WGE;EHAA;EHAA;;;-13;11010;414;02;0
1009;EH;BKN;MAASTRICH DME RW22;N50552066;E005464710;EHBK;EH;W0000;WGE;EHAA;EHAA;;;00365;11155;277;;0
1010;EH;BKZ;MAASTRICH DME RW04;N50552066;E005464710;EHBK;EH;W0000;WGE;EHAA;EHAA;;;00366;11155;277;;0
1011;EH;EHO;EINDHOVEN RWY22;N51272230;E005230156;EHEH;EH;W0011;WGE;EHAA;EHAA;;;00074;10975;;;0
1012;EH;EHZ;EINDHOVEN RWY04;N51263418;E005220636;EHEH;EH;W0011;WGE;EHAA;EHAA;;;00073;10975;;;0
1013;EH;MV;VALKENBURG I-05;N52092737;E004240525;EHVB;EH;W0023;WGE;EHAA;EHAA;;;00000;11090;119;;0
1014;EH;VV;VALKENBURG I-23;N52092737;E004240525;EHVB;EH;W0023;WGE;EHAA;EHAA;;;00000;11090;119;;0
1015;EI;ICN;CORK ILS/DME RW35;N51502995;W008292196;EICK;EI;W0068;WGE;EISN;EISN;;;00490;10990;188;06;0
1016;EI;ICS;CORK ILS/DME RW17;N51502995;W008292196;EICK;EI;W0068;WGE;EISN;EISN;;;00490;10990;;06;0
1017;EI;IFN;DONEGAL RW21;N55023814;W008202226;EIDL;EI;W0069;WGE;EISN;EISN;;;00033;11030;;03;0
1018;EI;IAC;DUBLIN ILS/DME RW16;N53260268;W006154321;EIDW;EI;W0063;WGE;EISN;EISN;;;00200;11150;449;02;0
1019;EI;IDE;DUBLIN ILS/DME RW10;N53251224;W006161389;EIDW;EI;W0063;WGE;EISN;EISN;;;00200;10890;588;07;0
1020;EI;IDW;DUBLIN ILS/DME RW28;N53251224;W006161389;EIDW;EI;W0063;WGE;EISN;EISN;;;00252;10890;183;07;0
1021;EI;IKR;KERRY ILS/DME RW26;N52105560;W009312807;EIKY;EI;W0071;WGE;EISN;EISN;;;00110;10870;371;05;0
1022;EI;ISE;SHANNON ILS/DME RW06;N52414723;W008562311;EINN;EI;W0068;WGE;EISN;EISN;;;00047;10950;;02;0
1023;EI;IWD;WATERFORD ILS/DME RW21;N52111956;W007050196;EIWF;EI;W0058;WGE;EISN;EISN;;;00110;11090;363;02;0
1024;EK;TR;AARHUS ILS/DME RW28L;N56180099;E010381084;EKAH;EK;E0004;WGE;EKDK;EKDK;;;00079;11110;422;;0
1025;EK;LEL;BILLUND ILS/DME RW27;N55442280;E009102717;EKBI;EK;W0001;WGE;EKDK;EKDK;;;00246;11070;223;;0
1026;EK;CH;COPENHAGEN DME RWY 04L;N55353589;E012362955;EKCH;EK;E0012;WGE;EKDK;EKDK;;;00014;11050;522;;0
1027;EK;KA;COPENHAGEN DME RWY 12;N55371798;E012382993;EKCH;EK;E0012;WGE;EKDK;EKDK;;;00013;10990;474;;0
1028;EK;KLK;COPENHAGEN DME RWY 22R;N55363503;E012380109;EKCH;EK;E0012;WGE;EKDK;EKDK;;;00014;11090;;;0
1029;EK;OXS;COPENHAGEN DME RWY 22L;N55372067;E012395727;EKCH;EK;E0012;WGE;EKDK;EKDK;;;00007;10950;115;;0
1030;EK;OY;COPENHAGEN DME RWY 30;N55365109;E012394289;EKCH;EK;E0012;WGE;EKDK;EKDK;;;00009;10890;274;;0
1031;EK;KR;KARUP;N56174698;E009071512;EKKA;EK;W0007;WGE;EKDK;EKDK;;;00176;10815;433;;0
1032;EK;OD;ODENSE ILS/DME RW24;N55284553;E010200714;EKOD;EK;W0002;WGE;EKDK;EKDK;;;00056;10835;;;0
1033;EK;KV;COPENHAGEN/ROSKILDE;N55351581;E012070908;EKRK;EK;E0010;WGE;EKDK;EKDK;;;00140;11150;;;0
1034;EK;IAR;BORNHOLM ILS/DME RW11;N55035300;E014445700;EKRN;EK;E0020;WGE;ESAA;ESAA;;;00055;10935;;;0
1035;EK;IRE;BORNHOLM ILS/DME RW29;N55034219;E014461222;EKRN;EK;E0020;WGE;ESAA;ESAA;;;00055;11030;;;0
1036;EK;CIM;SONDERBORG ILS-RW32;N54572939;E009475503;EKSB;EK;E0000;WGE;EKDK;EKDK;;;00021;11115;;;0
1037;EK;SDL;SINDAL ILS/DME RW27;N57300906;E010140506;EKSN;EK;E0002;WGE;EKDK;EKDK;;;00092;11015;518;;0
1038;EK;MF;VAGAR RW31;N62035353;W007170814;EKVG;EK;W0099;WGE;BIRD;BIRD;;;00280;11030;402;06;0
1039;EK;SF;VAGAR RW13;N62040601;W007164956;EKVG;EK;W0099;WGE;BIRD;BIRD;;;00280;10910;401;;0
1040;EK;AE;ALBORG ILS/DME RW08L;N57055020;E009522187;EKYT;EK;W0008;WGE;EKDK;EKDK;;;00019;10990;;;0
1041;EK;YT;AALBORG DME RWY26R;N57055020;E009522187;EKYT;EK;W0008;WGE;EKDK;EKDK;;;00019;10990;;;0
1042;EL;ILE;LUXEMBOURG ILS-RW06;N49370400;E006112800;ELLX;EL;W0010;WGE;EBBU;EBUR;;;01214;10990;419;;0
1043;EL;ILW;LUXEMBOURG ILS-RW24;N49375800;E006135900;ELLX;EL;W0010;WGE;EBBU;EBUR;;;01158;11070;161;;0
1044;EN;VGR;ALESUND/VIGRA ILS-DME RW25;N62334887;E006071516;ENAL;EN;W0020;WGE;ENOR;ENOR;;;00072;11195;;;0
1045;EN;BL;LLZ-DME RW08;N61232588;E005453668;ENBL;EN;W0070;WGE;ENOR;ENOR;;;01091;11070;;;0
1046;EN;FD;LLZ-DME RW26;N61231836;E005443715;ENBL;EN;W0030;WGE;ENOR;ENOR;;;01054;10935;;;0
1047;EN;BY;LLZ-DME RW04;N65275354;E012133074;ENBN;EN;E0011;WGE;ENOR;ENOR;;;00069;11115;;;0
1048;EN;BO;BODO;N67155902;E014202899;ENBO;EN;E0013;WGE;ENOR;ENOR;;;00045;11030;143;;0
1049;EN;BT;BATSFJORD LLZ-DME RW21;N70360492;E029415619;ENBS;EN;E0110;WGE;ENOR;ENOR;;;00514;11110;;;0
1050;EN;BV;BERLEVAG - ILS-DME RW24;N70522436;E029032217;ENBV;EN;E0110;WGE;ENOR;ENOR;;;00042;11090;;;0
1051;EN;DU;BARDUFOSS;N69031525;E018323665;ENDU;EN;E0050;WGE;ENOR;ENOR;;;00269;11030;;;0
1052;EN;LL;FAGERNESS LLZ/DME RW33;N61005836;E009180083;ENFG;EN;W0011;WGE;ENOR;ENOR;;;02800;11050;334;;0
1053;EN;GME;OSLO/GARDERMOEN DME (LLZ 19L);N60115327;E011072279;ENGM;EN;E0000;WGE;ENOR;ENOR;;;00729;11055;189;;0
1054;EN;GSW;OSLO/GARDEMOEN DME RWY 19R;N60124952;E011051694;ENGM;EN;E0000;WGE;ENOR;ENOR;;;00727;11130;123;;0
1055;EN;OBW;OSLO/ GARDEMOEN DME (LLZ 01L);N60111603;E011042302;ENGM;EN;E0000;WGE;ENOR;ENOR;;;00709;11030;197;;0
1056;EN;ONE;OSLO/GARDERMOEN DME (LLZ 01R);N60104060;E011064080;ENGM;EN;E0000;WGE;ENOR;ENOR;;;00723;11195;;;0
1057;EN;HD;HAUGESUND DME;N59205988;E005120884;ENHD;EN;W0026;WGE;ENOR;ENOR;;;00096;10910;;;0
1058;EN;HA;HAMMERFEST LLZ-DME RW05;N70403748;E023391323;ENHF;EN;E0080;WGE;ENOR;ENOR;;;00289;11135;;;0
1059;EN;HF;HAMMERFEST LLZ-DME RW23;N70403313;E023392757;ENHF;EN;E0080;WGE;ENOR;ENOR;;;00310;11070;296;;0
1060;EN;HV;HONNINGSVAG/VALAN;N71003303;E025583022;ENHV;EN;E0090;WGE;ENOR;ENOR;;;00042;10810;;;0
1061;EN;LK;LEKNES RW03;N68085765;E013361018;ENLK;EN;E0030;WGE;ENOR;ENOR;;;00112;10850;;;0
1062;EN;MH;LLZ DME RW17;N71013473;E027492727;ENMH;EN;E0100;WGE;ENOR;ENOR;;;00078;10950;;;0
1063;EN;ME;MOLDE ILS/DME RW 25;N62443778;E007154317;ENML;EN;W0020;WGE;ENOR;ENOR;;;00059;10910;310;;0
1064;EN;MS;MOSJOEN LLZ/DME RW34;N65465410;E013130627;ENMS;EN;E0020;WGE;ENOR;ENOR;;;00255;11070;;;0
1065;EN;BK;BANAK LLZ/DME RWY 17;N70042011;E024583699;ENNA;EN;E0080;WGE;ENOR;ENOR;;;00055;10935;;;0
1066;EN;NV;NARVIK;N68262154;E017231559;ENNK;EN;E0031;WGE;ENOR;ENOR;;;00118;11150;;;0
1067;EN;NA;NAMSOS LLZ DME RW25;N64281555;E011335770;ENNM;EN;E0010;WGE;ENOR;ENOR;;;00027;10850;454;;0
1068;EN;NT;NOTODDEN LLZ/DME RW12;N59335578;E009130510;ENNO;EN;W0000;WGE;ENOR;ENOR;;;00127;11070;;;0
1069;EN;OL;ORLAND ILS-16;N63422697;E009353201;ENOL;EN;W0000;WGE;ENOR;ENOR;;;00046;10930;347;;0
1070;EN;ON;ORLAND ILS-33;N63412377;E009363988;ENOL;EN;W0071;WGE;ENOR;ENOR;;;00050;10830;;;0
1071;EN;HN;ORSTA/VOLDA LLZ/DME RW06;N62094791;E006012287;ENOV;EN;W0020;WGE;ENOR;ENOR;;;00122;11150;;;0
1072;EN;RA;MO I RANA;N66193870;E014174060;ENRA;EN;E0030;WGE;ENOR;ENOR;;;00539;11130;;;0
1073;EN;RO;ROROS ILS/DME RW32;N62342874;E011205492;ENRO;EN;E0020;WGE;ENOR;ENOR;;;02075;10870;154;;0
1074;EN;LA;SVALBARD/LONGYEAR;N78144742;E015294301;ENSB;EN;E0015;WGE;ENOB;ENOB;;;00153;10950;473;;0
1075;EN;LB;SVALBARD/LONGYEAR;N78144899;E015254035;ENSB;EN;E0030;WGE;ENOB;ENOB;;;00111;11030;;;0
1076;EN;AD;LLZ-DME RW27;N61494602;E006063365;ENSD;EN;W0020;WGE;ENOR;ENOR;;;00223;10830;201;;0
1077;EN;SG;LL-DM RW24;N61092386;E007083537;ENSG;EN;W0020;WGE;ENOR;ENOR;;;01677;10810;;;0
1078;EN;SV;LLZ-DME RW01;N68141900;E014395060;ENSH;EN;W0070;WGE;ENOR;ENOR;;;00066;11050;;;0
1079;EN;SE;SKIEN DME (PAIRED LLZ);N59111899;E009341064;ENSN;EN;W0010;WGE;ENOR;ENOR;;;00481;11010;492;;0
1080;EN;TC;TROMSO;N69402834;E018545561;ENTC;EN;E0038;WGE;ENOR;ENOR;;;00056;11090;218;;0
1081;EN;TR;TROMSO ILS/DME RWY 19;N69411780;E018551216;ENTC;EN;E0038;WGE;ENOR;ENOR;;;00036;10990;419;;0
1082;EN;TO;TRONDHEIM;N63272441;E010540198;ENVA;EN;W0005;WGE;ENOR;ENOR;;;00031;11030;197;;0
1083;EN;VD;VADSO LLZ-DME RW08;N70035517;E029525493;ENVD;EN;E0110;WGE;ENOR;ENOR;;;00108;10870;;;0
1084;EN;SL;STAVANGER ILS/DME RW-36;N58522582;E005382399;ENZV;EN;W0026;WGE;ENOR;ENOR;;;00079;11135;469;;0
1085;EN;ZL;STAVANGER DME;N58524736;E005363906;ENZV;EN;W0026;WGE;ENOR;ENOR;;;00037;10950;301;;0
1086;EP;BYD;BYDGOSZCZ ILS-DME RW26;N53054895;E017593169;EPBY;EP;E0031;WGE;EPWW;EPWW;;;00295;10910;463;;0
1087;EP;IGDA;GDANSK ILS/DME RW29;N54221822;E018290644;EPGD;EP;E0026;WGE;EPWW;EPWW;;;00492;11030;136;;0
1088;EP;KRW;KRAKOW RW25;N50045001;E019474289;EPKK;EP;E0030;WGE;EPWW;EPWW;;;00827;11030;;;0
1089;EP;POZ;POZNAN RW29;N52251162;E016501700;EPPO;EP;E0030;WGE;EPWW;EPWW;;;00331;11030;;;0
1090;EP;RZW;RZESZOW ILS/DME RW27;N50063962;E022015518;EPRZ;EP;E0040;WGE;EPWW;EPWW;;;00787;11030;;;0
1091;EP;SZC;SZCZEZIN DME;N53344198;E014544183;EPSC;EP;E0014;WGE;EPWW;EPWW;;;00197;11050;145;;0
1092;EP;SZN;SZCZYTNO ILS/DME RW02;N53282534;E020555182;EPSY;EP;E0030;WGE;EPWW;EPWW;;;00492;11010;;;0
1093;EP;WA;WARSZAWA I-33;N52090960;E020585058;EPWA;EP;E0040;WGE;EPWW;EPWW;;;00016;11030;161;;0
1094;EP;WAS;WARSZWAWA ILS/DME RW11;N52101620;E020570737;EPWA;EP;E0040;WGE;EPWW;EPWW;;;00016;10990;359;;0
1095;EP;WRO;WROCLAW;N51055623;E016533512;EPWR;EP;E0019;WGE;EPWW;EPWW;;;00020;11030;165;;0
1096;ES;CFB;LINKIPING/MALMEN ILS/DME;N58241150;E015312810;ESCF;ES;W0071;WGE;ESAA;ESAA;;;00307;11010;;;0
1097;ES;EGL;LIDKOPING DME;N58280310;E013110930;ESGL;ES;E0008;WGE;ESAA;ESAA;;;00210;11130;;;0
1098;ES;GP;GOTHENBORG/SAVE;N57463130;E011520012;ESGP;ES;E0000;WGE;ESAA;ESAA;;;00070;10810;249;05;0
1099;ES;SY;SKOVDE DME;N58272450;E013581030;ESGR;ES;E0008;WGE;ESAA;ESAA;;;00328;10830;;;0
1100;ES;IBC;SATENAS AB;N58260860;E012425170;ESIB;ES;E0020;WGE;ESAA;ESAA;;;00197;10950;258;;0
1101;ES;NKK;KARLSKOGA ILS/DME RW21;N59201720;E014292790;ESKK;ES;E0020;WGE;ESAA;ESAA;;;00395;11050;582;;0
1102;ES;NMO;OSKARSHAMN RW19;N57202530;E016294450;ESMO;ES;E0025;WGE;ESAA;ESAA;;;00081;11115;;;0
1103;ES;NG;GALLIVARE DME;N67080540;E020484540;ESNG;ES;E0047;WGE;ESAA;ESAA;;;01034;10810;258;;0
1104;ES;NH;HUDIKSVALL LLZ/DME RW12;N61455220;E017053590;ESNH;ES;E0030;WGE;ESAA;ESAA;;;00095;11110;;;0
1105;ES;NK;KRAMFORS RW35;N63023230;E017462330;ESNK;ES;E0040;WGE;ESAA;ESAA;;;00059;10970;378;;0
1106;ES;NL;LYCKSELE;N64324880;E018425810;ESNL;ES;E0050;WGE;ESAA;ESAA;;;00702;11050;;;0
1107;ES;NO;ORNSKOLDSVIK;N63244920;E018583750;ESNO;ES;E0050;WGE;ESAA;ESAA;;;00349;11010;432;;0
1108;ES;INV;VILHELMINAILS/DME RW28;N64345110;E016495480;ESNV;ES;E0030;WGE;ESAA;ESAA;;;01191;10990;;;0
1109;ES;NX;ARVIDSJAUR DME;N65353012;E019170124;ESNX;ES;E0040;WGE;ESAA;ESAA;;;01259;11150;177;;0
1110;ES;NOE;OREBRO DME;N59134924;E015023430;ESOE;ES;E0017;WGE;ESAA;ESAA;;;00197;10850;329;;0
1111;ES;SOE;OREBRO ILS/DME-RW19;N59134940;E015023450;ESOE;ES;E0018;WGE;ESAA;ESAA;;;00197;10910;301;;0
1112;ES;IHF;HAGFORS ILS/DME RW18;N60011630;E013345100;ESOH;ES;E0015;WGE;ESAA;ESAA;;;00474;11010;;;0
1113;ES;SPA;LULEA-KALLAX RW32;N65320700;E022084090;ESPA;ES;E0060;WGE;ESAA;ESAA;;;00045;10990;317;02;0
1119;ES;SF;HULTSFRED DME;N57311706;E015495848;ESSF;ES;E0016;WGE;ESAA;ESAA;;;00384;11190;;;0
1120;ES;SU;ESKILSTUNA ILS RW36;N59204180;E016424030;ESSU;ES;W0025;WGE;ESAA;ESAA;;;00135;11090;;02;0
1121;ES;IUP;PAJALA ILS RW11;N67142430;E023054810;ESUP;ES;W0073;WGE;ESAA;ESAA;;;00551;11150;;;0
1122;ES;IUT;HEMAVAN ILS RW33;N65480850;E015050440;ESUT;ES;E0030;WGE;ESAA;ESAA;;;01539;11010;;02;0
1123;LB;IPD;PLOVDIV;N42034800;E024514300;LBPD;LB;E0029;;LBSR;LBSR;;;00620;10990;;;0
1124;LB;ISF;SOFIA ILS/DME RW27;N42413600;E023251300;LBSF;LB;E0028;;LBSR;LBSR;;;01741;10950;333;;0
1125;LC;ILC;LARNACA RW22;N34524740;E033375700;LCLK;LC;E0031;WGE;LCCC;LCCC;;;00020;11030;183;03;0
1126;LC;IPA;PAFOS RW29;N34430180;E032294620;LCPH;LC;E0030;WGE;LCCC;LCCC;;;00073;10890;;02;0
1127;LD;IZA;ZAGREB/PLESO RWY05;N45440579;E016031242;LDZA;LD;E0010;WGE;LDZO;LDZO;;;00372;10950;;;0
1128;LE;IABT;ALBACETE RW09;N38565000;W001523100;LEAB;LE;W0020;WGE;LECM;LECM;;;02301;11070;;;0
1129;LE;IAE;ALBACETE RW27;N38565600;W001513100;LEAB;LE;W0020;WGE;LECM;LECM;;;02301;10970;;;0
1130;LE;IAT;ALICANTE ILS-10;N38165847;W000341672;LEAL;LE;W0020;WGE;LECB;LECB;;;00157;11030;243;01;0
1131;LE;IAM;ALMERIA ILS-26;N36504665;W002212405;LEAM;LE;W0027;WGE;LECM;LECM;;;00055;10990;103;02;0
1132;LE;AVS;ASTURIAS RW29;N43334446;W006012854;LEAS;LE;W0040;WGE;LECM;LECM;;;00430;11010;338;;0
1133;LE;IBL;BILBAO;N43175235;W002541816;LEBB;LE;W0029;WGE;LECM;LECM;;;00144;11030;133;02;0
1134;LE;BCA;BARCELONA RW25R;N41181995;E002055899;LEBL;LE;W0010;WGE;LECB;LECB;;;00030;10950;337;02;0
1135;LE;BLE;BARCELONA RW07R;N41165680;E002044152;LEBL;LE;W0010;WGE;LECB;LECB;;;00030;11075;;02;0
1136;LE;BLW;BARCELONA RW25L;N41172443;E002060221;LEBL;LE;W0010;WGE;LECB;LECB;;;00030;11150;548;02;0
1137;LE;QAA;BARCELONA RW07L;N41174147;E002040818;LEBL;LE;W0010;WGE;LECB;LECB;;;00013;11030;;02;0
1138;LE;LCO;LA CORUNA;N43182598;W008221950;LECO;LE;W0053;WGE;LECM;LECM;;;00279;10990;275;02;0
1139;LE;IGN;GIRONA ILS/DME RWY20;N41544757;E002454970;LEGE;LE;W0010;WGE;LECB;LECB;;;00463;10990;;;0
1140;LE;IBZ;IBIZA ILS/DME RW24;N38523543;E001230601;LEIB;LE;W0010;WGE;LECB;LECB;;;00069;10950;;;0
1141;LE;IMR;MADRID ILSDME RWY 18R;N40311189;W003342583;LEMD;LE;W0031;WGE;LECM;LECM;;;01985;11070;289;02;0
1142;LE;MAA;MADRID BARAJAS ILS-33;N40275653;W003331852;LEMD;LE;W0029;WGE;LECM;LECM;;;01933;10990;;02;0
1143;LE;MDZ;MADRID ILSDME RWY 18L;N40285577;W003334108;LEMD;LE;W0030;WGE;LECM;LECM;;;01978;10930;542;02;0
1144;LE;GAA;MALAGA;N36395858;W004292075;LEMG;LE;W0031;WGE;LECM;LECM;;;00056;10990;;02;0
1145;LE;GMM;MALAGA;N36405483;W004303912;LEMG;LE;W0028;WGE;LECM;LECM;;;00069;10950;414;02;0
1146;LE;IMH;MENORCA;N39511592;E004125598;LEMH;LE;W0009;WGE;LECB;LECB;;;00277;11030;093;02;0
1147;LE;IPAL;PALMA DE MALLORCA ILS24L;N39331084;E002453343;LEPA;LE;W0020;WGE;LECB;LECB;;;00056;10930;263;02;0
1148;LE;PLM;PALMA DE MALLORCA ILS06L;N39330014;E002425027;LEPA;LE;W0020;WGE;LECB;LECB;;;00020;11090;300;02;0
1149;LE;IPN;PAMPLONA ILS-16;N42463979;W001390168;LEPP;LE;W0027;WGE;LECM;LECM;;;01470;10970;;01;0
1150;LE;IRS;REUS RW25;N41090013;E001104889;LERS;LE;W0019;WGE;LECB;LECB;;;00257;11010;283;02;0
1151;LE;IGO;SANTIAGO RW17;N42543021;W008250447;LEST;LE;W0072;WGE;LECM;LECM;;;01171;11030;;02;0
1152;LE;ISO;SANTIAGO RW35;N42531294;W008243836;LEST;LE;W0052;WGE;LECM;LECM;;;01196;11150;;02;0
1153;LE;ITJA;MADRID TORREJON RW23;N40302381;W003260731;LETO;LE;W0030;WGE;LECM;LECM;;;02011;10950;564;;0
1154;LE;IVC;VALENCIA RW30;N39290222;W000281310;LEVC;LE;W0020;WGE;LECB;LECB;;;00203;11010;;02;0
1155;LE;VTO;VITORIA;N42521821;W002440073;LEVT;LE;W0031;WGE;LECM;LECM;;;01681;10890;;02;0
1156;LE;VIG;VIGO ILS-20;N42142321;W008372510;LEVX;LE;W0060;WGE;LECM;LECM;;;00833;11090;250;01;0
1157;LE;STA;SANTANDER I-29;N43253126;W003483346;LEXJ;LE;W0030;WGE;LECM;LECM;;;00037;11090;188;02;0
1158;LE;ISV;SEVILLA ILS-27;N37250089;W005524266;LEZL;LE;W0036;WGE;LECM;LECM;;;00022;11010;397;02;0
1159;LF;MK;CALAIS RW24;N50574763;E001574150;LFAC;LF;W0020;WGE;LFFF;LFFF;;;00059;11055;314;;0
1160;LF;LT;LE TOUQUET RW14;N50311745;E001365187;LFAT;LF;W0020;WGE;LFFF;LFFF;;;00075;11015;;;0
1161;LF;VS;VALENCIENNES ILS-DME RW11;N50192153;E003282731;LFAV;LF;W0015;WGE;LFFF;LFFF;;;00151;10850;309;07;0
1162;LF;AG;AGEN RW29;N44101811;E000354854;LFBA;LF;W0020;WGE;LFBB;LFFF;;;00200;11035;;;0
1163;LF;BD;BORDEAUX ILS-23;N44501614;W000421778;LFBD;LF;W0025;WGE;LFBB;LFFF;;;00151;11030;133;;0
1164;LF;BEI;BORDEAUX I-29;N44493078;W000421396;LFBD;LF;W0026;WGE;LFBB;LFFF;;;00161;11115;;;0
1165;LF;RM;BERGERAC ILS-RW28;N44492301;E000313307;LFBE;LF;W0025;WGE;LFBB;LFFF;;;00161;10815;295;;0
1166;LF;RL;LA ROCHELLE RW28;N46104077;W001113251;LFBH;LF;W0030;WGE;LFBB;LFFF;;;00066;10955;;;0
1167;LF;PT;POITIERS ILS-21;N46354041;E000185309;LFBI;LF;W0027;WGE;LFFF;LFFF;;;00420;11095;158;;0
1168;LF;LG;LIMOGES RW22;N45520986;E001111165;LFBL;LF;W0020;WGE;LFBB;LFFF;;;01340;11010;;;0
1169;LF;TBN;TOULOUSE BLAGNAC DME 32L;N43371861;E001221725;LFBO;LF;W0022;WGE;LFBB;LFFF;;;00531;10930;357;;0
1170;LF;TBS;TOULOUSE ILS-14R;N43383361;E001205915;LFBO;LF;W0022;WGE;LFBB;LFFF;;;00489;11070;476;;0
1171;LF;TD;TOULOUSE I-32R;N43370110;E001223650;LFBO;LF;W0073;WGE;LFBB;LFFF;;;00554;10835;585;;0
1172;LF;TG;TOULOUSE BLAGNAC DME 14L;N43380426;E001212973;LFBO;LF;W0022;WGE;LFBB;LFFF;;;00564;10890;511;;0
1173;LF;PU;PAU I-31;N43223101;W000244415;LFBP;LF;W0030;WGE;LFBB;LFFF;;;00617;11010;151;;0
1174;LF;OS;TARBES OSSUN LOURDES;N43111935;E000000119;LFBT;LF;W0030;WGE;LFBB;LFFF;;;01217;10950;492;;0
1175;LF;AM;ANGOULEME;N45434749;E000133468;LFBU;LF;W0020;WGE;LFFF;LFFF;;;00420;10935;;;0
1176;LF;PX;ILS-DME RW30;N45114046;E000491818;LFBX;LF;W0020;WGE;LFBB;LFFF;;;00328;10910;;;0
1177;LF;BZ;BIARRITZ RW27;N43280336;W001304655;LFBZ;LF;W0025;WGE;LFBB;LFFF;;;00223;11135;596;;0
1178;LF;EN;CASTRES I-14;N43333822;E002171047;LFCK;LF;W0010;WGE;LFBB;LFFF;;;00755;11135;166;;0
1179;LF;RDE;RODEZ RW31;N44241253;E002291624;LFCR;LF;W0010;WGE;LFBB;LFFF;;;01952;11075;;;0
1180;LF;DO;DOLE TAVAUX RW06;N47020166;E005251018;LFGJ;LF;W0010;WGE;LFFF;LFFF;;;00677;10935;;;0
1181;LF;PY;LE PUY ILSDME RW33;N45043975;E003460070;LFHP;LF;W0009;WGE;LFMM;LFFF;;;02785;10850;;;0
1182;LF;MLY;METZ NANCY LORRAINE;N48591768;E006153959;LFJL;LF;W0010;WGE;LFFF;LFFF;;;00919;11175;154;;0
1183;LF;AS;ANGERS ILS-26;N47334233;W000182819;LFJR;LF;W0028;WGE;LFRR;LFFF;;;00194;10890;448;;0
1184;LF;BP;BASTIA ILS RWY34;N42324122;E009291883;LFKB;LF;E0010;WGE;LFMM;LFFF;;;00026;11135;;;0
1185;LF;CV;CALVI RW18;N42310532;E008473493;LFKC;LF;E0005;WGE;LFMM;LFFF;;;00200;10950;456;12;0
1186;LF;GR;FIGARI RW23;N41303209;E009061624;LFKF;LF;E0010;WGE;LFMM;LFFF;;;00144;11050;344;;0
1187;LF;AC;AJACCIO ILS-02;N41544944;E008475311;LFKJ;LF;E0000;WGE;LFMM;LFFF;;;00056;11030;;;0
1188;LF;AX;AUXERRE ILS-19;N47511963;E003294755;LFLA;LF;W0018;WGE;LFFF;LFFF;;;00509;10995;110;;0
1189;LF;CY;CHAMBERY AIX LES BAINS;N45383600;E005524030;LFLB;LF;W0009;WGE;LFMM;LFFF;;;00814;10950;080;;0
1190;LF;CF;CLERMONT FERRAND ILS-26;N45472177;E003105965;LFLC;LF;W0010;WGE;LFMM;LFFF;;;01079;11110;;;0
1191;LF;BGS;BOURGES ILS RW06;N47032490;E002215220;LFLD;LF;W0016;WGE;LFFF;LFFF;;;00529;11115;101;;0
1192;LF;LSN;LYON SAINT EXUPERY ILS RW36R;N45424978;E005054693;LFLL;LF;W0005;WGE;LFMM;LFFF;;;00863;11150;161;;0
1193;LF;LSS;LYON SAINT EXUPERY ILS RW18L;N45435713;E005053875;LFLL;LF;W0005;WGE;LFMM;LFFF;;;00863;10910;153;;0
1194;LF;SAN;LYON SAINT EXUPERY ILS RW36L;N45424979;E005053069;LFLL;LF;W0005;WGE;LFMM;LFFF;;;00863;11075;136;;0
1195;LF;SN;SAINT YAN ILS/DME RW33R;N46242960;E004010256;LFLN;LF;W0010;WGE;LFMM;LFFF;;;00830;11175;;;0
1196;LF;AT;ANNECY MEYTHET;N45553972;E006054065;LFLP;LF;E0000;WGE;LFMM;LFFF;;;01529;10890;267;;0
1197;LF;SG;GRENOBLE ILS/DME RW09;N45215084;E005184719;LFLS;LF;W0000;WGE;LFMM;LFFF;;;00912;10930;;;0
1198;LF;VE;VALENCE I-01;N44550068;E004581389;LFLU;LF;W0012;WGE;LFMM;LFFF;;;00574;11015;495;;0
1199;LF;CX;CHATEAUROUX DEOLS;N46522252;E001443371;LFLX;LF;W0020;WGE;LFBB;LFFF;;;00577;11030;;;0
1200;LF;LBO;LYON BRON RW16;N45432826;E004565089;LFLY;LF;W0010;WGE;LFMM;LFFF;;;00680;10995;372;03;0
1201;LF;LY;LYON-BRON RW34;N45432823;E004565091;LFLY;LF;W0010;WGE;LFMM;LFFF;;;00715;11130;186;;0
1202;LF;CMD;LLZ/DME RWY35;N43332330;E006565765;LFMD;LF;W0000;WGE;LFRR;LFFF;;;00013;11035;;;0
1203;LF;EB;SAINT ETIENNE ILS-18;N45324648;E004175043;LFMH;LF;W0012;WGE;LFMM;LFFF;;;01355;11035;;;0
1204;LF;CS;CARCASSONNE;N43130367;E002175577;LFMK;LF;W0018;WGE;LFMM;LFFF;;;00433;11110;418;;0
1205;LF;MCE;MARSEILLE RW14R;N43252968;E005133239;LFML;LF;W0010;WGE;LFMM;LFFF;;;00059;10830;228;12;0
1206;LF;ML;MARSEILLE RW14L;N43263932;E005120780;LFML;LF;W0010;WGE;LFMM;LFFF;;;00059;11030;;;0
1207;LF;MPV;MARSEILLE RW32R;N43255600;E005130800;LFML;LF;W0010;WGE;LFMM;LFFF;;;00059;11115;;;0
1208;LF;NA;NICE I-04R;N43385252;E007122240;LFMN;LF;W0003;WGE;LFMM;LFFF;;;00013;11070;255;;0
1209;LF;NI;NICE RW04L;N43391591;E007121990;LFMN;LF;W0000;WGE;LFMM;LFFF;;;00013;10995;528;;0
1210;LF;PL;PERPIGNAN RWY33;N42442180;E002523282;LFMP;LF;W0010;WGE;LFMM;LFFF;;;00144;11175;;;0
1211;LF;FG;MONTPELLIER RW31R;N43343055;E003584834;LFMT;LF;W0010;WGE;LFMM;LFFF;;;00007;10855;;;0
1212;LF;ZR;BEZIER I-10;N43192161;E003205131;LFMU;LF;W0020;WGE;LFMM;LFFF;;;00052;10935;;;0
1213;LF;AN;AVIGNON CAUMONT RW17;N43544146;E004540781;LFMV;LF;W0010;WGE;LFBB;LFFF;;;00168;11050;432;;0
1214;LF;MD;MENDE RW13;N44295140;E003322504;LFNB;LF;W0010;WGE;LFMM;LFFF;;;03379;11190;482;05;0
1215;LF;BI;BEAUVAIS RW31;N49264760;E002074060;LFOB;LF;W0020;WGE;LFFF;LFFF;;;00353;10995;125;;0
1216;LF;OT;LE HAVRE OCTEVILLE;N49322576;E000054348;LFOH;LF;W0033;WGE;LFFF;LFFF;;;00354;10950;117;;0
1217;LF;CVD;CHALONS VATRY I-10;N48463925;E004094786;LFOK;LF;W0014;WGE;LFFF;LFFF;;;00574;11130;;;0
1218;LF;CVL;CHALONS VATRY I-28;N48462011;E004121380;LFOK;LF;W0014;WGE;LFFF;LFFF;;;00586;10955;;;0
1219;LF;RN;ROUEN VALLEE DE SEINE DME;N49232154;E001104628;LFOP;LF;W0029;WGE;LFFF;LFFF;;;00571;11050;143;;0
1220;LF;TS;TOURS VAL DE LOIRE RW20;N47262536;E000434525;LFOT;LF;W0020;WGE;LFFF;LFFF;;;00361;11055;317;;0
1221;LF;RGE;LE BOURGET ILS-27;N48575740;E002262533;LFPB;LF;W0021;WGE;LFFF;LFFF;;;00167;11055;158;;0
1222;LF;CGE;PARIS CDG ILS-09R;N49011945;E002310269;LFPG;LF;W0020;WGE;LFFF;LFFF;;;00370;11010;197;;0
1223;LF;CGW;PARIS CDG ILS-27L;N49012710;E002332625;LFPG;LF;W0020;WGE;LFFF;LFFF;;;00407;11070;187;;0
1224;LF;DSE;CHARLES DE GAULLE I-08R;N48593095;E002341215;LFPG;LF;W0020;WGE;LFFF;LFFF;;;00358;10855;;;0
1225;LF;DSU;CHARLES DE GAULLE I-26L;N48593638;E002355392;LFPG;LF;W0020;WGE;LFFF;LFFF;;;00338;10835;290;;0
1226;LF;PNE;PARIS CDG ILS-09L;N49013414;E002314385;LFPG;LF;W0020;WGE;LFFF;LFFF;;;00379;10935;;;0
1227;LF;PNW;PARIS CDG ILS-27R;N49013954;E002332437;LFPG;LF;W0020;WGE;LFFF;LFFF;;;00390;11035;;;0
1228;LF;MV;MELUN;N48361625;E002410356;LFPM;LF;W0070;WGE;LFFF;LFFF;;;00338;11155;412;;0
1229;LF;TNO;TOUSSUS LE NOBLE ILS/DME RW25R;N48451678;E002063250;LFPN;LF;W0020;WGE;LFFF;LFFF;;;00538;11015;;;0
1230;LF;OLO;PARIS ORLY RW24;N48440667;E002212182;LFPO;LF;W0020;WGE;LFFF;LFFF;;;00286;11090;380;;0
1231;LF;OLW;PARIS ORLY RW26;N48432733;E002233586;LFPO;LF;W0020;WGE;LFFF;LFFF;;;00285;11175;;;0
1232;LF;ORE;PARIS ORLY RW06;N48432586;E002192633;LFPO;LF;W0020;WGE;LFFF;LFFF;;;00292;10850;299;;0
1233;LF;CVN;PONTOISE ILS-05;N49052457;E002014232;LFPT;LF;W0030;WGE;LFFF;LFFF;;;00377;11095;;;0
1234;LF;VVE;VILLACOUBLAY ILS-09;N48463267;E002113691;LFPV;LF;W0023;WGE;LFFF;LFFF;;;00636;11135;177;;0
1235;LF;VVO;VILLACOUBLAY ILS-27;N48463218;E002123568;LFPV;LF;W0023;WGE;LFFF;LFFF;;;00630;11075;113;;0
1236;LF;TY;TROYES ILS-18;N48193822;E004005103;LFQB;LF;W0020;WGE;LFFF;LFFF;;;00365;11115;156;;0
1237;LF;MCY;ETAIN ROUVRES RW01;N49130801;E005401545;LFQE;LF;W0010;WGE;LFFF;LFFF;;;00798;11050;530;;0
1238;LF;PB;PHALSBOURG BOURSCHEID;N48461926;E007124216;LFQP;LF;W0000;WGE;LFFF;LFFF;;;01020;11015;;;0
1239;LF;LIL;LILLE DME;N50335840;E003065138;LFQQ;LF;W0022;WGE;LFFF;LFFF;;;00180;11075;113;;0
1240;LF;MER;MERVILLE RWY22;N50372568;E002384782;LFQT;LF;W0020;WGE;LFFF;LFFF;;;00100;10935;;;0
1241;LF;BG;BREST RW26L;N48270611;W004242378;LFRB;LF;W0040;WGE;LFRR;LFFF;;;00367;10990;;;0
1242;LF;MP;CHERBOURG RW28;N49385084;W001272631;LFRC;LF;W0030;WGE;LFRR;LFFF;;;00459;11055;408;;0
1243;LF;DR;DINARD ILS-25;N48345273;W002043581;LFRD;LF;W0040;WGE;LFRR;LFFF;;;00203;11075;;;0
1244;LF;DV;DEAUVILLE RW30;N49215010;E000094349;LFRG;LF;W0030;WGE;LFFF;LFFF;;;00466;11155;498;;0
1245;LF;BH;LORIENT ILS-26;N47454610;W003260991;LFRH;LF;W0050;WGE;LFRR;LFFF;;;00138;10815;241;;0
1246;LF;LRY;ILS-DME RW28;N46420243;W001223384;LFRI;LF;W0030;WGE;LFRR;LFFF;;;00335;11190;303;;0
1247;LF;LD;LANDIVISIAU;N48320149;W004082325;LFRJ;LF;W0040;WGE;LFRR;LFFF;;;00387;10850;527;;0
1248;LF;CN;CAEN RW31;N49102396;W000264960;LFRK;LF;W0030;WGE;LFFF;LFFF;;;00233;11095;;;0
1249;LF;LEM;LE MANS ILS RW02;N47564050;E000115202;LFRM;LF;W0030;WGE;LFFF;LFFF;;;00180;10975;352;;0
1250;LF;RS;RENNES ILS-28;N48041819;W001431898;LFRN;LF;W0040;WGE;LFRR;LFFF;;;00174;11010;;;0
1251;LF;LN;LANNION ILS/DME;N48451552;W003275868;LFRO;LF;W0040;WGE;LFRR;LFFF;;;00290;11035;;;0
1252;LF;QR;LFQR ILS DME- RW28;N47582478;W004093680;LFRQ;LF;W0040;WGE;LFRR;LFFF;;;00275;11030;;;0
1253;LF;NT;NANTES ILS-03;N47083919;W001370960;LFRS;LF;W0040;WGE;LFRR;LFFF;;;00115;10990;137;;0
1254;LF;MX;MORLAIX PLOUJEAN;N48354988;W003492715;LFRU;LF;W0039;WGE;LFFF;LFFF;;;00259;11050;468;;0
1255;LF;MT;ST. NAZAIRE I-26;N47185601;W002081701;LFRZ;LF;W0034;WGE;LFFF;LFFF;;;00017;10850;432;;0
1256;LF;MH;BASLE ILS-16;N47365295;E007303665;LFSB;LF;W0006;WGE;LFFF;LFFF;;;00863;11155;264;;0
1257;LF;ENT;STRASBOURG I-05;N48315479;E007371092;LFST;LF;W0002;WGE;LFFF;LFFF;;;00505;10855;;;0
1258;LF;STZ;STRASBOURG ILS/DME RW23;N48323382;E007381771;LFST;LF;W0000;WGE;LFFF;LFFF;;;00505;10955;;;0
1259;LF;NG;NIMES GARONS RW18;N43455721;E004250319;LFTW;LF;W0010;WGE;LFMM;LFFF;;;00309;10955;;;0
1260;LF;SP;SAINT PIERRE RW26;N46455890;W056101090;LFVP;LF;W0210;WGE;CZQX;CZQX;;;00018;10890;;;0
1261;LG;IATL;ATHENS ELEFTHERIOS ILS-03L;N37553600;E023551900;LGAV;LG;W0072;;LGGG;LGGG;;;00255;11050;;02;0
1262;LG;IATR;ATHENS ELEFTHERIOS ILS-03R;N37554000;E023565600;LGAV;LG;E0026;;LGGG;LGGG;;;00272;11110;;02;0
1263;LG;IEVL;ATHENS ELEFTHERIOS ILS-21L;N37565000;E023580300;LGAV;LG;E0026;;LGGG;LGGG;;;00302;11110;;02;0
1264;LG;IEVR;ATHENS ELEFTHERIOS ILS-21R;N37564200;E023562200;LGAV;LG;E0026;;LGGG;LGGG;;;00282;11050;;02;0
1265;LG;IPRV;PREVEZA ILS RW07L;N38551798;E020451710;LGPZ;LG;E0027;;LGGG;LGGG;;;00013;11090;;;0
1266;LG;IMAK;ILS-DME RW10;N40312043;E022574692;LGTS;LG;E0031;;LGGG;LGGG;;;00009;10950;;02;0
1267;LG;ITSL;THESSALONIKI ILS/DME RW 1;N40312643;E022580576;LGTS;LG;E0032;;LGGG;LGGG;;;00014;11030;;04;0
1268;LH;BPL;BUDAPEST ILS-13L;N47263975;E019154273;LHBP;LH;E0026;WGE;LHCC;LHCC;;;00509;11170;;;0
1269;LH;BPR;BUDAPEST ILS-31R;N47252563;E019172330;LHBP;LH;E0026;WGE;LHCC;LHCC;;;00430;10950;255;;0
1270;LH;FER;BUDAPEST;N47265177;E019132984;LHBP;LH;E0025;WGE;LHCC;LHCC;;;00495;11050;209;;0
1271;LH;FHL;BUDAPEST ILS/DME RWY 31L;N47255500;E019144301;LHBP;LH;E0025;WGE;LHCC;LHCC;;;00441;11150;145;;0
1272;LH;DCN;DEBRECEN;N47290259;E021361869;LHDC;LH;E0037;WGE;LHCC;LHCC;;;00387;11010;;;0
1273;LH;SKI;SIOFOK;N46510314;E018055605;LHSK;LH;E0027;WGE;LHCC;LHCC;;;00418;11190;;;0
1274;LI;IPS;PESCARA ILS-22;N42261330;E014111170;LIBP;LI;E0011;WGE;LIBB;LIBB;;;00048;11070;;;0
1275;LI;CTN;CATANIA ILS-RW08;N37275333;E015033107;LICC;LI;E0013;WGE;LIRR;LIRR;;;00036;10990;103;02;0
1276;LI;ITO;PALERMO ILS-20;N38105330;E013053290;LICJ;LI;E0010;WGE;LIRR;LIRR;;;00050;10990;;02;0
1277;LI;RAI;PALERMO ILS-25;N38105900;E013070110;LICJ;LI;E0010;WGE;LIRR;LIRR;;;00050;10950;;02;0
1278;LI;TRA;TRAPANI RW31;N37542800;E012294480;LICT;LI;E0015;WGE;LIRR;LIRR;;;00061;11095;;;0
1279;LI;IEL;CAGLIARI ILS RWY 32;N39143690;E009034060;LIEE;LI;E0003;WGE;LIRR;LIRR;;;00027;10950;197;02;0
1280;LI;ISM;OLBIA ILS/DME RW06;N40534578;E009303573;LIEO;LI;E0006;WGE;LIRR;LIRR;;;00036;10990;233;;0
1281;LI;IMA;MILANO-MALPENSA ILS35L;N45370000;E008434300;LIMC;LI;W0001;WGE;LIMM;LIMM;;;00764;10910;120;01;0
1282;LI;BRM;BERGAMO ILS RW29;N45395990;E009431430;LIME;LI;E0008;WGE;LIMM;LIMM;;;00754;10870;271;02;0
1284;LI;GSE;GENOVA SESTRI;N44243230;E008511150;LIMJ;LI;E0005;WGE;LIMM;LIMM;;;00026;10930;228;;0
1285;LI;IBZ;LLZ/DME RW10;N46272050;E011194120;LIPB;LI;E0011;WGE;LIMM;LIMM;;;00773;10910;222;;0
1286;LI;BLN;BOLOGNA RW12;N44322351;E011165119;LIPE;LI;E0013;WGE;LIMM;LIMM;;;00131;10890;250;;0
1287;LI;IVF;VERONA RW05;N45232600;E010524200;LIPX;LI;E0009;WGE;LIMM;LIMM;;;00272;11010;;02;0
1288;LI;IFA;FALCONARA-DME;N43371880;E013221980;LIPY;LI;E0011;WGE;LIMM;LIMM;;;00057;11190;;02;0
1289;LI;FNN;ROMA FIUMICINO ILS-16C;N41492710;E012155440;LIRF;LI;E0009;WGE;LIRR;LIRR;;;00007;10850;;08;0
1290;LI;ITA;ROMA FIUMICINO ILS-34C;N41492710;E012155440;LIRF;LI;E0009;WGE;LIRR;LIRR;;;00007;10850;;08;0
1291;LI;INP;NAPLES CAPODICHINO ILS-24;N40532830;E014175690;LIRN;LI;E0012;WGE;LIRR;LIRR;;;00226;10950;;02;0
1292;LI;IFZ;ILS-DME RW05 LIRQ;N43483070;E011120140;LIRQ;LI;E0011;WGE;LIMM;LIMM;;;00123;11030;;01;0
1293;LI;IPE;PERUGIA ILS/DME RW01;N43052510;E012304650;LIRZ;LI;E0010;WGE;LIRR;LIRR;;;00667;11095;;02;0
1294;LJ;LJB;LJUBLJANA ILS/DME RW31;N46125642;E014281434;LJLJ;LJ;E0012;WGE;LJLA;LJLA;;;00059;11050;209;;0
1295;LK;OSV;OSTRAVA DME;N49421610;E018073562;LKMT;LK;E0023;WGE;LKAA;LKAA;;;00824;11095;;;0
1296;LK;PK;PARDUICE DME;N50004307;E015450670;LKPD;LK;E0020;WGE;LKAA;LKAA;;;00780;10935;;;0
1297;LK;CK;PREROV ILS/DME RW06;N49252446;E017233144;LKPO;LK;E0030;WGE;LKAA;LKAA;;;00722;11015;;;0
1298;LK;PG;PRAGUE DME RWY31;N50052851;E014163393;LKPR;LK;E0010;WGE;LKAA;LKAA;;;01250;10950;293;;0
1299;LK;PH;PRAGUE ILS/DME RWY16;N50061526;E014134923;LKPR;LK;E0018;WGE;LKAA;LKAA;;;01250;11115;;;0
1300;LK;PR;PRAGUE DME RWY24;N50065603;E014160513;LKPR;LK;E0015;WGE;LKAA;LKAA;;;01175;10910;273;;0
1301;LK;BO;BRNO DME;N49085525;E016422741;LKTB;LK;E0018;WGE;LKAA;LKAA;;;00785;11150;145;;0
1302;LK;VO;VODOCHODY ILS/DME RW28;N50125771;E014243099;LKVO;LK;E0013;WGE;LKAA;LKAA;;;01080;11075;432;;0
1303;LM;LM;MALTA RW32;N35501400;E014301000;LMML;LM;E0009;WGE;LMMM;LMMM;;;00230;11050;461;;0
1304;LM;LQ;MALTA RW14;N35511600;E014285200;LMML;LM;E0010;WGE;LMMM;LMMM;;;00256;10970;482;;0
1305;LO;OEG;GRAZ ILS/DME RW35;N46584871;E015262573;LOWG;LO;E0015;WGE;LOVV;LOVV;;;01098;11090;235;;0
1306;LO;OEJ;INNSBRUCK;N47185221;E011360872;LOWI;LO;E0005;WGE;LOVV;LOVV;;;02770;10970;207;;0
1307;LO;OEV;INNSBRUCK;N47153636;E011211251;LOWI;LO;E0005;WGE;LOVV;LOVV;;;01911;11110;197;;0
1308;LO;OEK;KLAGENFURT I-29;N46381875;E014210040;LOWK;LO;E0012;WGE;LOVV;LOVV;;;01479;11010;;;0
1309;LO;OEL;LINZ ILS/DME RW27;N48140606;E014120542;LOWL;LO;E0012;WGE;LOVV;LOVV;;;00995;10930;319;;0
1310;LO;OES;SALZBURG ILS/DME RW16;N47480339;E013000466;LOWS;LO;E0011;WGE;LOVV;LOVV;;;01446;10990;;02;0
1311;LO;OEN;WIEN ILS/DME RW 34;N48052895;E016353284;LOWW;LO;E0018;WGE;LOVV;LOVV;;;00604;10810;446;02;0
1312;LO;OEW;WIEN ILS-11;N48071336;E016320960;LOWW;LO;E0019;WGE;LOVV;LOVV;;;00643;11030;;02;0
1313;LO;OEX;ILS-DME RW29;N48063189;E016341754;LOWW;LO;E0018;WGE;LOVV;LOVV;;;00624;10970;207;02;0
1314;LO;OEZ;WIEN ILS-16;N48070315;E016345299;LOWW;LO;E0019;WGE;LOVV;LOVV;;;00643;10850;373;02;0
1315;LP;BJ;BEJA RW19R;N38052980;W007555770;LPBJ;LP;W0037;WGE;LPPC;LPPC;;;00624;11030;;;0
1316;LP;IIF;FARO RW28;N37004671;W007574519;LPFR;LP;W0040;WGE;LPPC;LPPC;;;00018;10950;;02;0
1317;LP;OV;OVAR RW36;N40542728;W008383684;LPOV;LP;W0041;WGE;LPPC;LPPC;;;00056;10930;;;0
1318;LP;NL;PONTA DELGADA RW30;N37443788;W025422755;LPPD;LP;W0110;WGE;LPPO;LPPO;;;00269;10950;;09;0
1319;LP;PR;PORTO/FRANC.SA CARNEIRO RW17;N41152937;W008405723;LPPR;LP;W0050;WGE;LPPC;LPPC;;;00144;10990;;02;0
1320;LP;ILB;LISBOA RW21;N38472102;W009074902;LPPT;LP;W0050;WGE;LPPC;LPPC;;;00396;10950;;02;0
1321;LP;ILI;LISBOA RW03;N38460972;W009083779;LPPT;LP;W0050;WGE;LPPC;LPPC;;;00374;10910;;02;0
1322;LQ;BHS;SARAJEVO ILS-12;N43494600;E018191800;LQSA;LQ;E0021;WGE;LQSB;LQSB;;;01648;11070;200;;0
1323;LR;IAD;ARAD ILS/DME RW27;N46103739;E021161584;LRAR;LR;E0025;WGE;LRBB;LRBB;;;00360;11070;;;0
1324;LR;ICK;CONSTANTA ILS-36;N44205874;E028292004;LRCK;LR;E0042;WGE;LRBB;LRBB;;;00315;11030;;;0
1325;LR;ICL;CLUJ-NAPOCA ILS/DME RW26;N46471409;E023413794;LRCL;LR;E0031;WGE;LRBB;LRBB;;;01100;11030;;;0
1326;LR;ILL;BUCHAREST ILSDME 08L;N44344089;E026051587;LROP;LR;E0035;WGE;LRBB;LRBB;;;00341;11090;355;;0
1327;LR;IOE;BUCHAREST ILSDME 26L;N44335960;E026065887;LROP;LR;E0035;WGE;LRBB;LRBB;;;00400;10910;508;;0
1328;LR;IOP;BUCHAREST ILSDME 08R;N44334974;E026045276;LROP;LR;E0038;WGE;LRBB;LRBB;;;00354;11030;;;0
1329;LR;IRR;BUCHAREST ILSDME 26R;N44345060;E026072594;LROP;LR;E0035;WGE;LRBB;LRBB;;;00353;11070;338;;0
1331;LR;ITR;TIMISOARA DME;N45481628;E021211587;LRTR;LR;E0027;WGE;LRBB;LRBB;;;00399;10930;;;0
1332;LS;ICF;LSGC ILS RW24;N47044966;E006471283;LSGC;LS;W0002;WGE;LSAS;LSAS;;;03376;10815;328;06;0
1333;LS;INE;GENEVE ILS-05;N46135005;E006054365;LSGG;LS;W0009;WGE;LSAS;LSAS;;;01460;11090;181;02;0
1334;LS;ISW;GENEVE ILS-RW23;N46145641;E006072114;LSGG;LS;W0009;WGE;LSAS;LSAS;;;01384;10990;202;02;0
1335;LS;ISI;SION LLZ/DME RW25;N46125464;E007184441;LSGS;LS;E0000;WGE;LSAS;LSAS;;;01609;10835;361;;0
1336;LS;IEM;EMMEN ILS-22;N47055215;E008184582;LSME;LS;E0000;WGE;LSAS;LSAS;;;01406;11035;;02;0
1337;LS;IPY;PAYERN ILS-23;N46505021;E006552275;LSMP;LS;W0000;WGE;LSAS;LSAS;;;01456;10930;;04;0
1338;LS;ILU;LUGANO ILS-03;N46000187;E008543467;LSZA;LS;W0003;WGE;LSAS;LSAS;;;00928;11150;161;01;0
1339;LS;IBE;BERN  ILS-14;N46550189;E007293945;LSZB;LS;W0003;WGE;LSAS;LSAS;;;01702;11010;;01;0
1340;LS;IKL;ZUERICH KLOTEN ILS-14;N47284966;E008322560;LSZH;LS;W0004;WGE;LSAS;LSAS;;;01402;10830;239;02;0
1341;LS;IZH;ZUERICH KLOTEN ILS-16;N47282303;E008322296;LSZH;LS;W0004;WGE;LSAS;LSAS;;;01400;11050;256;02;0
1342;LS;IZS;ZURICH KLOTEN LLZ-34;N47270447;E008330656;LSZH;LS;E0006;WGE;LSAS;LSAS;;;01410;11075;;;0
1343;LS;IAL;ST.GALLEN/ALTENRHEIN ILS-;N47290607;E009331556;LSZR;LS;W0001;WGE;LSAS;LSAS;;;01306;10875;344;01;0
1344;LW;MSK;SKOPJE ILS/DME RW34;N41571100;E021372300;LWSK;LW;E0025;WGE;LWSS;LWSS;;;00814;10870;410;;0
1345;LY;TIV;TIVAT LLZ/DME RW 32;N42234536;E018442854;LYTV;LY;E0020;WGE;LYBA;LYBA;;;00020;11130;459;;0
1346;LZ;OB;BRATISLAVA ILS31;N48093702;E017135131;LZIB;LZ;E0020;WGE;LZBB;LZBB;;;00443;11070;;;0
1347;LZ;OKR;STEFANIK;N48103593;E017132915;LZIB;LZ;E0020;WGE;LZBB;LZBB;;;00449;10830;352;;0
1348;LZ;CN;PIESTANY;N48370707;E017494022;LZPP;LZ;E0030;WGE;LZBB;LZBB;;;00561;10930;;;0
1349;LZ;FS;LZSL RW36;N48374650;E019075442;LZSL;LZ;E0030;WGE;LZBB;LZBB;;;01047;10870;;;0
